"id","time","identifier","ancillaryData","state","requester","proposer","disputer","settlementRecipient","currency","bond","reward","finalFee","proposedPrice","settlementPrice"
"YES_OR_NO_QUERY-1754008461-0x713a7469746c653a6574685f313735343030383435372c6465736372697074696f6e3a6574685f313735343030383435372c70313a302c70323a312c696e697469616c697a65723a63633939303937646433376134393632393631663032323137386431313161653531363264336537","1754008461","YES_OR_NO_QUERY","0x713a7469746c653a6574685f313735343030383435372c6465736372697074696f6e3a6574685f313735343030383435372c70313a302c70323a312c696e697469616c697a65723a63633939303937646433376134393632393631663032323137386431313161653531363264336537","Settled","0x884c9cd1657a317967efc86336e0068473467ad8","0x838ba6c40a5c3f0a0e24d60722a4762dcdb84757",,"0x838ba6c40a5c3f0a0e24d60722a4762dcdb84757","0x833589fcd6edb6e08f4c7c32d4f71b54bda02913","500000","0","250000000","0","0"
"YES_OR_NO_QUERY-1754008479-0x713a7469746c653a6274635f313735343030383437352c6465736372697074696f6e3a6274635f313735343030383437352c70313a302c70323a312c696e697469616c697a65723a63633939303937646433376134393632393631663032323137386431313161653531363264336537","1754008479","YES_OR_NO_QUERY","0x713a7469746c653a6274635f313735343030383437352c6465736372697074696f6e3a6274635f313735343030383437352c70313a302c70323a312c696e697469616c697a65723a63633939303937646433376134393632393631663032323137386431313161653531363264336537","Settled","0x884c9cd1657a317967efc86336e0068473467ad8","0x838ba6c40a5c3f0a0e24d60722a4762dcdb84757",,"0x838ba6c40a5c3f0a0e24d60722a4762dcdb84757","0x833589fcd6edb6e08f4c7c32d4f71b54bda02913","500000","0","250000000","0","0"
"YES_OR_NO_QUERY-1754010935-0x713a7469746c653a4973616b5f313735343031303931383234302d3432392c6465736372697074696f6e3a4973616b5f313735343031303931383234302d3432392c70313a302c70323a312c696e697469616c697a65723a63633939303937646433376134393632393631663032323137386431313161653531363264336537","1754010935","YES_OR_NO_QUERY","0x713a7469746c653a4973616b5f313735343031303931383234302d3432392c6465736372697074696f6e3a4973616b5f313735343031303931383234302d3432392c70313a302c70323a312c696e697469616c697a65723a63633939303937646433376134393632393631663032323137386431313161653531363264336537","Settled","0x884c9cd1657a317967efc86336e0068473467ad8","0x43a4b5a422e82be8272a3fd7f4b4cefa8112b738",,"0x43a4b5a422e82be8272a3fd7f4b4cefa8112b738","0x833589fcd6edb6e08f4c7c32d4f71b54bda02913","500000","0","250000000","1000000000000000000","1000000000000000000"
"YES_OR_NO_QUERY-1754045229-0x713a7469746c653a4c65655f4a756e5f53656f6b5f313735343034353230343636352d3433302c6465736372697074696f6e3a4c65655f4a756e5f53656f6b5f313735343034353230343636352d3433302c70313a302c70323a312c696e697469616c697a65723a63633939303937646433376134393632393631663032323137386431313161653531363264336537","1754045229","YES_OR_NO_QUERY","0x713a7469746c653a4c65655f4a756e5f53656f6b5f313735343034353230343636352d3433302c6465736372697074696f6e3a4c65655f4a756e5f53656f6b5f313735343034353230343636352d3433302c70313a302c70323a312c696e697469616c697a65723a63633939303937646433376134393632393631663032323137386431313161653531363264336537","Settled","0x884c9cd1657a317967efc86336e0068473467ad8","0x43a4b5a422e82be8272a3fd7f4b4cefa8112b738",,"0x43a4b5a422e82be8272a3fd7f4b4cefa8112b738","0x833589fcd6edb6e08f4c7c32d4f71b54bda02913","500000","0","250000000","0","0"
"YES_OR_NO_QUERY-1754093729-0x713a7469746c653a6274635f313735343039333732362c6465736372697074696f6e3a6274635f313735343039333732362c70313a302c70323a312c696e697469616c697a65723a63633939303937646433376134393632393631663032323137386431313161653531363264336537","1754093729","YES_OR_NO_QUERY","0x713a7469746c653a6274635f313735343039333732362c6465736372697074696f6e3a6274635f313735343039333732362c70313a302c70323a312c696e697469616c697a65723a63633939303937646433376134393632393631663032323137386431313161653531363264336537","Settled","0x884c9cd1657a317967efc86336e0068473467ad8","0x838ba6c40a5c3f0a0e24d60722a4762dcdb84757",,"0x838ba6c40a5c3f0a0e24d60722a4762dcdb84757","0x833589fcd6edb6e08f4c7c32d4f71b54bda02913","500000","0","250000000","0","0"
"YES_OR_NO_QUERY-1754093751-0x713a7469746c653a6574685f313735343039333734372c6465736372697074696f6e3a6574685f313735343039333734372c70313a302c70323a312c696e697469616c697a65723a63633939303937646433376134393632393631663032323137386431313161653531363264336537","1754093751","YES_OR_NO_QUERY","0x713a7469746c653a6574685f313735343039333734372c6465736372697074696f6e3a6574685f313735343039333734372c70313a302c70323a312c696e697469616c697a65723a63633939303937646433376134393632393631663032323137386431313161653531363264336537","Settled","0x884c9cd1657a317967efc86336e0068473467ad8","0x838ba6c40a5c3f0a0e24d60722a4762dcdb84757",,"0x838ba6c40a5c3f0a0e24d60722a4762dcdb84757","0x833589fcd6edb6e08f4c7c32d4f71b54bda02913","500000","0","250000000","0","0"
"MULTIPLE_CHOICE_QUERY-1754149483-0x7b227469746c65223a2243417471333270465938576a323466684275774b744a346d756a6b6e39725236533532544e61726d4c505a6d222c226465736372697074696f6e223a2254686973206d61726b657420776173206372656174656420627920576f726d2e20466f7220612064657461696c6564206465736372697074696f6e2c2072756c65732c20616e64206f7468657220696e666f726d6174696f6e2c20706c6561736520726566657220746f20746865206f6666696369616c20776562736974653a2068747470733a2f2f7777772e776f726d2e7774662f6d61726b65742f43417471333270465938576a323466684275774b744a346d756a6b6e39725236533532544e61726d4c505a6d227d","1754149483","MULTIPLE_CHOICE_QUERY","0x7b227469746c65223a2243417471333270465938576a323466684275774b744a346d756a6b6e39725236533532544e61726d4c505a6d222c226465736372697074696f6e223a2254686973206d61726b657420776173206372656174656420627920576f726d2e20466f7220612064657461696c6564206465736372697074696f6e2c2072756c65732c20616e64206f7468657220696e666f726d6174696f6e2c20706c6561736520726566657220746f20746865206f6666696369616c20776562736974653a2068747470733a2f2f7777772e776f726d2e7774662f6d61726b65742f43417471333270465938576a323466684275774b744a346d756a6b6e39725236533532544e61726d4c505a6d227d","Requested","0x26b0c9f46b9a4d22b99250908232a9bf848f13a5",,,,"0x833589fcd6edb6e08f4c7c32d4f71b54bda02913","0","0","250000000",,
"YES_OR_NO_QUERY-1754184013-0x713a7469746c653a6574685f313735343138343030392c6465736372697074696f6e3a6574685f313735343138343030392c70313a302c70323a312c696e697469616c697a65723a63633939303937646433376134393632393631663032323137386431313161653531363264336537","1754184013","YES_OR_NO_QUERY","0x713a7469746c653a6574685f313735343138343030392c6465736372697074696f6e3a6574685f313735343138343030392c70313a302c70323a312c696e697469616c697a65723a63633939303937646433376134393632393631663032323137386431313161653531363264336537","Settled","0x884c9cd1657a317967efc86336e0068473467ad8","0x838ba6c40a5c3f0a0e24d60722a4762dcdb84757",,"0x838ba6c40a5c3f0a0e24d60722a4762dcdb84757","0x833589fcd6edb6e08f4c7c32d4f71b54bda02913","500000","0","250000000","1000000000000000000","1000000000000000000"
"YES_OR_NO_QUERY-1754184031-0x713a7469746c653a6274635f313735343138343032382c6465736372697074696f6e3a6274635f313735343138343032382c70313a302c70323a312c696e697469616c697a65723a63633939303937646433376134393632393631663032323137386431313161653531363264336537","1754184031","YES_OR_NO_QUERY","0x713a7469746c653a6274635f313735343138343032382c6465736372697074696f6e3a6274635f313735343138343032382c70313a302c70323a312c696e697469616c697a65723a63633939303937646433376134393632393631663032323137386431313161653531363264336537","Settled","0x884c9cd1657a317967efc86336e0068473467ad8","0x838ba6c40a5c3f0a0e24d60722a4762dcdb84757",,"0x838ba6c40a5c3f0a0e24d60722a4762dcdb84757","0x833589fcd6edb6e08f4c7c32d4f71b54bda02913","500000","0","250000000","1000000000000000000","1000000000000000000"
"YES_OR_NO_QUERY-1754264293-0x713a7469746c653a6274635f313735343236343238392c6465736372697074696f6e3a6274635f313735343236343238392c70313a302c70323a312c696e697469616c697a65723a63633939303937646433376134393632393631663032323137386431313161653531363264336537","1754264293","YES_OR_NO_QUERY","0x713a7469746c653a6274635f313735343236343238392c6465736372697074696f6e3a6274635f313735343236343238392c70313a302c70323a312c696e697469616c697a65723a63633939303937646433376134393632393631663032323137386431313161653531363264336537","Settled","0x884c9cd1657a317967efc86336e0068473467ad8","0x838ba6c40a5c3f0a0e24d60722a4762dcdb84757",,"0x838ba6c40a5c3f0a0e24d60722a4762dcdb84757","0x833589fcd6edb6e08f4c7c32d4f71b54bda02913","500000","0","250000000","1000000000000000000","1000000000000000000"
"YES_OR_NO_QUERY-1754264317-0x713a7469746c653a6574685f313735343236343331332c6465736372697074696f6e3a6574685f313735343236343331332c70313a302c70323a312c696e697469616c697a65723a63633939303937646433376134393632393631663032323137386431313161653531363264336537","1754264317","YES_OR_NO_QUERY","0x713a7469746c653a6574685f313735343236343331332c6465736372697074696f6e3a6574685f313735343236343331332c70313a302c70323a312c696e697469616c697a65723a63633939303937646433376134393632393631663032323137386431313161653531363264336537","Settled","0x884c9cd1657a317967efc86336e0068473467ad8","0x838ba6c40a5c3f0a0e24d60722a4762dcdb84757",,"0x838ba6c40a5c3f0a0e24d60722a4762dcdb84757","0x833589fcd6edb6e08f4c7c32d4f71b54bda02913","500000","0","250000000","1000000000000000000","1000000000000000000"
"YES_OR_NO_QUERY-1754299873-0x713a7469746c653a4a65726f6d655f506f77656c6c5f313735343239393835383333322d3434312c6465736372697074696f6e3a4a65726f6d655f506f77656c6c5f313735343239393835383333322d3434312c70313a302c70323a312c696e697469616c697a65723a63633939303937646433376134393632393631663032323137386431313161653531363264336537","1754299873","YES_OR_NO_QUERY","0x713a7469746c653a4a65726f6d655f506f77656c6c5f313735343239393835383333322d3434312c6465736372697074696f6e3a4a65726f6d655f506f77656c6c5f313735343239393835383333322d3434312c70313a302c70323a312c696e697469616c697a65723a63633939303937646433376134393632393631663032323137386431313161653531363264336537","Requested","0x884c9cd1657a317967efc86336e0068473467ad8",,,,"0x833589fcd6edb6e08f4c7c32d4f71b54bda02913","500000","0","250000000",,
"YES_OR_NO_QUERY-1754350695-0x713a7469746c653a6574685f313735343335303639322c6465736372697074696f6e3a6574685f313735343335303639322c70313a302c70323a312c696e697469616c697a65723a63633939303937646433376134393632393631663032323137386431313161653531363264336537","1754350695","YES_OR_NO_QUERY","0x713a7469746c653a6574685f313735343335303639322c6465736372697074696f6e3a6574685f313735343335303639322c70313a302c70323a312c696e697469616c697a65723a63633939303937646433376134393632393631663032323137386431313161653531363264336537","Settled","0x884c9cd1657a317967efc86336e0068473467ad8","0x838ba6c40a5c3f0a0e24d60722a4762dcdb84757",,"0x838ba6c40a5c3f0a0e24d60722a4762dcdb84757","0x833589fcd6edb6e08f4c7c32d4f71b54bda02913","500000","0","250000000","0","0"
"YES_OR_NO_QUERY-1754352209-0x713a7469746c653a6274635f313735343335323230352c6465736372697074696f6e3a6274635f313735343335323230352c70313a302c70323a312c696e697469616c697a65723a63633939303937646433376134393632393631663032323137386431313161653531363264336537","1754352209","YES_OR_NO_QUERY","0x713a7469746c653a6274635f313735343335323230352c6465736372697074696f6e3a6274635f313735343335323230352c70313a302c70323a312c696e697469616c697a65723a63633939303937646433376134393632393631663032323137386431313161653531363264336537","Requested","0x884c9cd1657a317967efc86336e0068473467ad8",,,,"0x833589fcd6edb6e08f4c7c32d4f71b54bda02913","500000","0","250000000",,
"YES_OR_NO_QUERY-1754439367-0x713a7469746c653a6274635f313735343433393336332c6465736372697074696f6e3a6274635f313735343433393336332c70313a302c70323a312c696e697469616c697a65723a63633939303937646433376134393632393631663032323137386431313161653531363264336537","1754439367","YES_OR_NO_QUERY","0x713a7469746c653a6274635f313735343433393336332c6465736372697074696f6e3a6274635f313735343433393336332c70313a302c70323a312c696e697469616c697a65723a63633939303937646433376134393632393631663032323137386431313161653531363264336537","Settled","0x884c9cd1657a317967efc86336e0068473467ad8","0x838ba6c40a5c3f0a0e24d60722a4762dcdb84757",,"0x838ba6c40a5c3f0a0e24d60722a4762dcdb84757","0x833589fcd6edb6e08f4c7c32d4f71b54bda02913","500000","0","250000000","1000000000000000000","1000000000000000000"
"YES_OR_NO_QUERY-1754439797-0x713a7469746c653a6574685f313735343433393739342c6465736372697074696f6e3a6574685f313735343433393739342c70313a302c70323a312c696e697469616c697a65723a63633939303937646433376134393632393631663032323137386431313161653531363264336537","1754439797","YES_OR_NO_QUERY","0x713a7469746c653a6574685f313735343433393739342c6465736372697074696f6e3a6574685f313735343433393739342c70313a302c70323a312c696e697469616c697a65723a63633939303937646433376134393632393631663032323137386431313161653531363264336537","Settled","0x884c9cd1657a317967efc86336e0068473467ad8","0x838ba6c40a5c3f0a0e24d60722a4762dcdb84757",,"0x838ba6c40a5c3f0a0e24d60722a4762dcdb84757","0x833589fcd6edb6e08f4c7c32d4f71b54bda02913","500000","0","250000000","1000000000000000000","1000000000000000000"
"YES_OR_NO_QUERY-1754486461-0x713a7469746c653a6574685f313735343438363435372c6465736372697074696f6e3a6574685f313735343438363435372c70313a302c70323a312c696e697469616c697a65723a63633939303937646433376134393632393631663032323137386431313161653531363264336537","1754486461","YES_OR_NO_QUERY","0x713a7469746c653a6574685f313735343438363435372c6465736372697074696f6e3a6574685f313735343438363435372c70313a302c70323a312c696e697469616c697a65723a63633939303937646433376134393632393631663032323137386431313161653531363264336537","Settled","0x884c9cd1657a317967efc86336e0068473467ad8","0x838ba6c40a5c3f0a0e24d60722a4762dcdb84757",,"0x838ba6c40a5c3f0a0e24d60722a4762dcdb84757","0x833589fcd6edb6e08f4c7c32d4f71b54bda02913","500000","0","250000000","1000000000000000000","1000000000000000000"
"YES_OR_NO_QUERY-1754527455-0x713a7469746c653a6574685f313735343532373435312c6465736372697074696f6e3a6574685f313735343532373435312c70313a302c70323a312c696e697469616c697a65723a63633939303937646433376134393632393631663032323137386431313161653531363264336537","1754527455","YES_OR_NO_QUERY","0x713a7469746c653a6574685f313735343532373435312c6465736372697074696f6e3a6574685f313735343532373435312c70313a302c70323a312c696e697469616c697a65723a63633939303937646433376134393632393631663032323137386431313161653531363264336537","Settled","0x884c9cd1657a317967efc86336e0068473467ad8","0x838ba6c40a5c3f0a0e24d60722a4762dcdb84757",,"0x838ba6c40a5c3f0a0e24d60722a4762dcdb84757","0x833589fcd6edb6e08f4c7c32d4f71b54bda02913","500000","0","250000000","1000000000000000000","1000000000000000000"
"YES_OR_NO_QUERY-1754527509-0x713a7469746c653a6274635f313735343532373530362c6465736372697074696f6e3a6274635f313735343532373530362c70313a302c70323a312c696e697469616c697a65723a63633939303937646433376134393632393631663032323137386431313161653531363264336537","1754527509","YES_OR_NO_QUERY","0x713a7469746c653a6274635f313735343532373530362c6465736372697074696f6e3a6274635f313735343532373530362c70313a302c70323a312c696e697469616c697a65723a63633939303937646433376134393632393631663032323137386431313161653531363264336537","Settled","0x884c9cd1657a317967efc86336e0068473467ad8","0x838ba6c40a5c3f0a0e24d60722a4762dcdb84757",,"0x838ba6c40a5c3f0a0e24d60722a4762dcdb84757","0x833589fcd6edb6e08f4c7c32d4f71b54bda02913","500000","0","250000000","1000000000000000000","1000000000000000000"
"YES_OR_NO_QUERY-1754611015-0x713a7469746c653a6274635f313735343631313031312c6465736372697074696f6e3a6274635f313735343631313031312c70313a302c70323a312c696e697469616c697a65723a63633939303937646433376134393632393631663032323137386431313161653531363264336537","1754611015","YES_OR_NO_QUERY","0x713a7469746c653a6274635f313735343631313031312c6465736372697074696f6e3a6274635f313735343631313031312c70313a302c70323a312c696e697469616c697a65723a63633939303937646433376134393632393631663032323137386431313161653531363264336537","Settled","0x884c9cd1657a317967efc86336e0068473467ad8","0x838ba6c40a5c3f0a0e24d60722a4762dcdb84757",,"0x838ba6c40a5c3f0a0e24d60722a4762dcdb84757","0x833589fcd6edb6e08f4c7c32d4f71b54bda02913","500000","0","250000000","0","0"
"YES_OR_NO_QUERY-1754611243-0x713a7469746c653a6574685f313735343631313233392c6465736372697074696f6e3a6574685f313735343631313233392c70313a302c70323a312c696e697469616c697a65723a63633939303937646433376134393632393631663032323137386431313161653531363264336537","1754611243","YES_OR_NO_QUERY","0x713a7469746c653a6574685f313735343631313233392c6465736372697074696f6e3a6574685f313735343631313233392c70313a302c70323a312c696e697469616c697a65723a63633939303937646433376134393632393631663032323137386431313161653531363264336537","Settled","0x884c9cd1657a317967efc86336e0068473467ad8","0x838ba6c40a5c3f0a0e24d60722a4762dcdb84757",,"0x838ba6c40a5c3f0a0e24d60722a4762dcdb84757","0x833589fcd6edb6e08f4c7c32d4f71b54bda02913","500000","0","250000000","1000000000000000000","1000000000000000000"
"YES_OR_NO_QUERY-1754695213-0x713a7469746c653a6574685f313735343639353231302c6465736372697074696f6e3a6574685f313735343639353231302c70313a302c70323a312c696e697469616c697a65723a63633939303937646433376134393632393631663032323137386431313161653531363264336537","1754695213","YES_OR_NO_QUERY","0x713a7469746c653a6574685f313735343639353231302c6465736372697074696f6e3a6574685f313735343639353231302c70313a302c70323a312c696e697469616c697a65723a63633939303937646433376134393632393631663032323137386431313161653531363264336537","Settled","0x884c9cd1657a317967efc86336e0068473467ad8","0x838ba6c40a5c3f0a0e24d60722a4762dcdb84757",,"0x838ba6c40a5c3f0a0e24d60722a4762dcdb84757","0x833589fcd6edb6e08f4c7c32d4f71b54bda02913","500000","0","250000000","1000000000000000000","1000000000000000000"
"YES_OR_NO_QUERY-1754780415-0x713a7469746c653a6574685f313735343738303431312c6465736372697074696f6e3a6574685f313735343738303431312c70313a302c70323a312c696e697469616c697a65723a63633939303937646433376134393632393631663032323137386431313161653531363264336537","1754780415","YES_OR_NO_QUERY","0x713a7469746c653a6574685f313735343738303431312c6465736372697074696f6e3a6574685f313735343738303431312c70313a302c70323a312c696e697469616c697a65723a63633939303937646433376134393632393631663032323137386431313161653531363264336537","Settled","0x884c9cd1657a317967efc86336e0068473467ad8","0x838ba6c40a5c3f0a0e24d60722a4762dcdb84757",,"0x838ba6c40a5c3f0a0e24d60722a4762dcdb84757","0x833589fcd6edb6e08f4c7c32d4f71b54bda02913","500000","0","250000000","1000000000000000000","1000000000000000000"
"YES_OR_NO_QUERY-1754780439-0x713a7469746c653a6274635f313735343738303433362c6465736372697074696f6e3a6274635f313735343738303433362c70313a302c70323a312c696e697469616c697a65723a63633939303937646433376134393632393631663032323137386431313161653531363264336537","1754780439","YES_OR_NO_QUERY","0x713a7469746c653a6274635f313735343738303433362c6465736372697074696f6e3a6274635f313735343738303433362c70313a302c70323a312c696e697469616c697a65723a63633939303937646433376134393632393631663032323137386431313161653531363264336537","Settled","0x884c9cd1657a317967efc86336e0068473467ad8","0x838ba6c40a5c3f0a0e24d60722a4762dcdb84757",,"0x838ba6c40a5c3f0a0e24d60722a4762dcdb84757","0x833589fcd6edb6e08f4c7c32d4f71b54bda02913","500000","0","250000000","1000000000000000000","1000000000000000000"
"YES_OR_NO_QUERY-1754872891-0x713a7469746c653a6274635f313735343837323838362c6465736372697074696f6e3a6274635f313735343837323838362c70313a302c70323a312c696e697469616c697a65723a63633939303937646433376134393632393631663032323137386431313161653531363264336537","1754872891","YES_OR_NO_QUERY","0x713a7469746c653a6274635f313735343837323838362c6465736372697074696f6e3a6274635f313735343837323838362c70313a302c70323a312c696e697469616c697a65723a63633939303937646433376134393632393631663032323137386431313161653531363264336537","Settled","0x884c9cd1657a317967efc86336e0068473467ad8","0x838ba6c40a5c3f0a0e24d60722a4762dcdb84757",,"0x838ba6c40a5c3f0a0e24d60722a4762dcdb84757","0x833589fcd6edb6e08f4c7c32d4f71b54bda02913","500000","0","250000000","1000000000000000000","1000000000000000000"
"YES_OR_NO_QUERY-1754872931-0x713a7469746c653a6574685f313735343837323932372c6465736372697074696f6e3a6574685f313735343837323932372c70313a302c70323a312c696e697469616c697a65723a63633939303937646433376134393632393631663032323137386431313161653531363264336537","1754872931","YES_OR_NO_QUERY","0x713a7469746c653a6574685f313735343837323932372c6465736372697074696f6e3a6574685f313735343837323932372c70313a302c70323a312c696e697469616c697a65723a63633939303937646433376134393632393631663032323137386431313161653531363264336537","Settled","0x884c9cd1657a317967efc86336e0068473467ad8","0x838ba6c40a5c3f0a0e24d60722a4762dcdb84757",,"0x838ba6c40a5c3f0a0e24d60722a4762dcdb84757","0x833589fcd6edb6e08f4c7c32d4f71b54bda02913","500000","0","250000000","1000000000000000000","1000000000000000000"
"YES_OR_NO_QUERY-1754963657-0x713a7469746c653a6574685f313735343936333635332c6465736372697074696f6e3a6574685f313735343936333635332c70313a302c70323a312c696e697469616c697a65723a63633939303937646433376134393632393631663032323137386431313161653531363264336537","1754963657","YES_OR_NO_QUERY","0x713a7469746c653a6574685f313735343936333635332c6465736372697074696f6e3a6574685f313735343936333635332c70313a302c70323a312c696e697469616c697a65723a63633939303937646433376134393632393631663032323137386431313161653531363264336537","Settled","0x884c9cd1657a317967efc86336e0068473467ad8","0x838ba6c40a5c3f0a0e24d60722a4762dcdb84757",,"0x838ba6c40a5c3f0a0e24d60722a4762dcdb84757","0x833589fcd6edb6e08f4c7c32d4f71b54bda02913","500000","0","250000000","1000000000000000000","1000000000000000000"
"YES_OR_NO_QUERY-1754963743-0x713a7469746c653a6274635f313735343936333733392c6465736372697074696f6e3a6274635f313735343936333733392c70313a302c70323a312c696e697469616c697a65723a63633939303937646433376134393632393631663032323137386431313161653531363264336537","1754963743","YES_OR_NO_QUERY","0x713a7469746c653a6274635f313735343936333733392c6465736372697074696f6e3a6274635f313735343936333733392c70313a302c70323a312c696e697469616c697a65723a63633939303937646433376134393632393631663032323137386431313161653531363264336537","Settled","0x884c9cd1657a317967efc86336e0068473467ad8","0x838ba6c40a5c3f0a0e24d60722a4762dcdb84757",,"0x838ba6c40a5c3f0a0e24d60722a4762dcdb84757","0x833589fcd6edb6e08f4c7c32d4f71b54bda02913","500000","0","250000000","0","0"
"YES_OR_NO_QUERY-1755001195-0x713a7469746c653a6274635f313735353030313139322c6465736372697074696f6e3a6274635f313735353030313139322c70313a302c70323a312c696e697469616c697a65723a63633939303937646433376134393632393631663032323137386431313161653531363264336537","1755001195","YES_OR_NO_QUERY","0x713a7469746c653a6274635f313735353030313139322c6465736372697074696f6e3a6274635f313735353030313139322c70313a302c70323a312c696e697469616c697a65723a63633939303937646433376134393632393631663032323137386431313161653531363264336537","Settled","0x884c9cd1657a317967efc86336e0068473467ad8","0x838ba6c40a5c3f0a0e24d60722a4762dcdb84757",,"0x838ba6c40a5c3f0a0e24d60722a4762dcdb84757","0x833589fcd6edb6e08f4c7c32d4f71b54bda02913","500000","0","250000000","0","0"
"YES_OR_NO_QUERY-1755047063-0x713a7469746c653a6274635f313735353034373035392c6465736372697074696f6e3a6274635f313735353034373035392c70313a302c70323a312c696e697469616c697a65723a63633939303937646433376134393632393631663032323137386431313161653531363264336537","1755047063","YES_OR_NO_QUERY","0x713a7469746c653a6274635f313735353034373035392c6465736372697074696f6e3a6274635f313735353034373035392c70313a302c70323a312c696e697469616c697a65723a63633939303937646433376134393632393631663032323137386431313161653531363264336537","Settled","0x884c9cd1657a317967efc86336e0068473467ad8","0x838ba6c40a5c3f0a0e24d60722a4762dcdb84757",,"0x838ba6c40a5c3f0a0e24d60722a4762dcdb84757","0x833589fcd6edb6e08f4c7c32d4f71b54bda02913","500000","0","250000000","1000000000000000000","1000000000000000000"
"YES_OR_NO_QUERY-1755131473-0x713a7469746c653a6274635f313735353133313436392c6465736372697074696f6e3a6274635f313735353133313436392c70313a302c70323a312c696e697469616c697a65723a63633939303937646433376134393632393631663032323137386431313161653531363264336537","1755131473","YES_OR_NO_QUERY","0x713a7469746c653a6274635f313735353133313436392c6465736372697074696f6e3a6274635f313735353133313436392c70313a302c70323a312c696e697469616c697a65723a63633939303937646433376134393632393631663032323137386431313161653531363264336537","Settled","0x884c9cd1657a317967efc86336e0068473467ad8","0x838ba6c40a5c3f0a0e24d60722a4762dcdb84757",,"0x838ba6c40a5c3f0a0e24d60722a4762dcdb84757","0x833589fcd6edb6e08f4c7c32d4f71b54bda02913","500000","0","250000000","0","0"
"YES_OR_NO_QUERY-1755131567-0x713a7469746c653a6574685f313735353133313536342c6465736372697074696f6e3a6574685f313735353133313536342c70313a302c70323a312c696e697469616c697a65723a63633939303937646433376134393632393631663032323137386431313161653531363264336537","1755131567","YES_OR_NO_QUERY","0x713a7469746c653a6574685f313735353133313536342c6465736372697074696f6e3a6574685f313735353133313536342c70313a302c70323a312c696e697469616c697a65723a63633939303937646433376134393632393631663032323137386431313161653531363264336537","Settled","0x884c9cd1657a317967efc86336e0068473467ad8","0x838ba6c40a5c3f0a0e24d60722a4762dcdb84757",,"0x838ba6c40a5c3f0a0e24d60722a4762dcdb84757","0x833589fcd6edb6e08f4c7c32d4f71b54bda02913","500000","0","250000000","0","0"
"YES_OR_NO_QUERY-1755224787-0x713a7469746c653a6574685f313735353232343738322c6465736372697074696f6e3a6574685f313735353232343738322c70313a302c70323a312c696e697469616c697a65723a63633939303937646433376134393632393631663032323137386431313161653531363264336537","1755224787","YES_OR_NO_QUERY","0x713a7469746c653a6574685f313735353232343738322c6465736372697074696f6e3a6574685f313735353232343738322c70313a302c70323a312c696e697469616c697a65723a63633939303937646433376134393632393631663032323137386431313161653531363264336537","Settled","0x884c9cd1657a317967efc86336e0068473467ad8","0x838ba6c40a5c3f0a0e24d60722a4762dcdb84757",,"0x838ba6c40a5c3f0a0e24d60722a4762dcdb84757","0x833589fcd6edb6e08f4c7c32d4f71b54bda02913","500000","0","250000000","0","0"
"YES_OR_NO_QUERY-1755225109-0x713a7469746c653a6274635f313735353232353130342c6465736372697074696f6e3a6274635f313735353232353130342c70313a302c70323a312c696e697469616c697a65723a63633939303937646433376134393632393631663032323137386431313161653531363264336537","1755225109","YES_OR_NO_QUERY","0x713a7469746c653a6274635f313735353232353130342c6465736372697074696f6e3a6274635f313735353232353130342c70313a302c70323a312c696e697469616c697a65723a63633939303937646433376134393632393631663032323137386431313161653531363264336537","Settled","0x884c9cd1657a317967efc86336e0068473467ad8","0x838ba6c40a5c3f0a0e24d60722a4762dcdb84757",,"0x838ba6c40a5c3f0a0e24d60722a4762dcdb84757","0x833589fcd6edb6e08f4c7c32d4f71b54bda02913","500000","0","250000000","0","0"
"YES_OR_NO_QUERY-1755306945-0x713a7469746c653a6274635f313735353330363934322c6465736372697074696f6e3a6274635f313735353330363934322c70313a302c70323a312c696e697469616c697a65723a63633939303937646433376134393632393631663032323137386431313161653531363264336537","1755306945","YES_OR_NO_QUERY","0x713a7469746c653a6274635f313735353330363934322c6465736372697074696f6e3a6274635f313735353330363934322c70313a302c70323a312c696e697469616c697a65723a63633939303937646433376134393632393631663032323137386431313161653531363264336537","Settled","0x884c9cd1657a317967efc86336e0068473467ad8","0x838ba6c40a5c3f0a0e24d60722a4762dcdb84757",,"0x838ba6c40a5c3f0a0e24d60722a4762dcdb84757","0x833589fcd6edb6e08f4c7c32d4f71b54bda02913","500000","0","250000000","1000000000000000000","1000000000000000000"
"YES_OR_NO_QUERY-1755307013-0x713a7469746c653a6574685f313735353330373030392c6465736372697074696f6e3a6574685f313735353330373030392c70313a302c70323a312c696e697469616c697a65723a63633939303937646433376134393632393631663032323137386431313161653531363264336537","1755307013","YES_OR_NO_QUERY","0x713a7469746c653a6574685f313735353330373030392c6465736372697074696f6e3a6574685f313735353330373030392c70313a302c70323a312c696e697469616c697a65723a63633939303937646433376134393632393631663032323137386431313161653531363264336537","Settled","0x884c9cd1657a317967efc86336e0068473467ad8","0x838ba6c40a5c3f0a0e24d60722a4762dcdb84757",,"0x838ba6c40a5c3f0a0e24d60722a4762dcdb84757","0x833589fcd6edb6e08f4c7c32d4f71b54bda02913","500000","0","250000000","0","0"
"YES_OR_NO_QUERY-1755388417-0x713a7469746c653a6574685f313735353338383431332c6465736372697074696f6e3a6574685f313735353338383431332c70313a302c70323a312c696e697469616c697a65723a63633939303937646433376134393632393631663032323137386431313161653531363264336537","1755388417","YES_OR_NO_QUERY","0x713a7469746c653a6574685f313735353338383431332c6465736372697074696f6e3a6574685f313735353338383431332c70313a302c70323a312c696e697469616c697a65723a63633939303937646433376134393632393631663032323137386431313161653531363264336537","Settled","0x884c9cd1657a317967efc86336e0068473467ad8","0x838ba6c40a5c3f0a0e24d60722a4762dcdb84757",,"0x838ba6c40a5c3f0a0e24d60722a4762dcdb84757","0x833589fcd6edb6e08f4c7c32d4f71b54bda02913","500000","0","250000000","1000000000000000000","1000000000000000000"
"YES_OR_NO_QUERY-1755388515-0x713a7469746c653a6274635f313735353338383531322c6465736372697074696f6e3a6274635f313735353338383531322c70313a302c70323a312c696e697469616c697a65723a63633939303937646433376134393632393631663032323137386431313161653531363264336537","1755388515","YES_OR_NO_QUERY","0x713a7469746c653a6274635f313735353338383531322c6465736372697074696f6e3a6274635f313735353338383531322c70313a302c70323a312c696e697469616c697a65723a63633939303937646433376134393632393631663032323137386431313161653531363264336537","Settled","0x884c9cd1657a317967efc86336e0068473467ad8","0x838ba6c40a5c3f0a0e24d60722a4762dcdb84757",,"0x838ba6c40a5c3f0a0e24d60722a4762dcdb84757","0x833589fcd6edb6e08f4c7c32d4f71b54bda02913","500000","0","250000000","1000000000000000000","1000000000000000000"
"YES_OR_NO_QUERY-1755393753-0x713a7469746c653a5072656d6965725f4c65616775655f313735353339333734313235382d3437312c6465736372697074696f6e3a5072656d6965725f4c65616775655f313735353339333734313235382d3437312c70313a302c70323a312c696e697469616c697a65723a63633939303937646433376134393632393631663032323137386431313161653531363264336537","1755393753","YES_OR_NO_QUERY","0x713a7469746c653a5072656d6965725f4c65616775655f313735353339333734313235382d3437312c6465736372697074696f6e3a5072656d6965725f4c65616775655f313735353339333734313235382d3437312c70313a302c70323a312c696e697469616c697a65723a63633939303937646433376134393632393631663032323137386431313161653531363264336537","Requested","0x884c9cd1657a317967efc86336e0068473467ad8",,,,"0x833589fcd6edb6e08f4c7c32d4f71b54bda02913","500000","0","250000000",,
"YES_OR_NO_QUERY-1755396631-0x713a7469746c653a5072656d6965725f4c65616775655f313735353339363631373032312d3437322c6465736372697074696f6e3a5072656d6965725f4c65616775655f313735353339363631373032312d3437322c70313a302c70323a312c696e697469616c697a65723a63633939303937646433376134393632393631663032323137386431313161653531363264336537","1755396631","YES_OR_NO_QUERY","0x713a7469746c653a5072656d6965725f4c65616775655f313735353339363631373032312d3437322c6465736372697074696f6e3a5072656d6965725f4c65616775655f313735353339363631373032312d3437322c70313a302c70323a312c696e697469616c697a65723a63633939303937646433376134393632393631663032323137386431313161653531363264336537","Requested","0x884c9cd1657a317967efc86336e0068473467ad8",,,,"0x833589fcd6edb6e08f4c7c32d4f71b54bda02913","500000","0","250000000",,
"YES_OR_NO_QUERY-1755475541-0x713a7469746c653a6274635f313735353437353533382c6465736372697074696f6e3a6274635f313735353437353533382c70313a302c70323a312c696e697469616c697a65723a63633939303937646433376134393632393631663032323137386431313161653531363264336537","1755475541","YES_OR_NO_QUERY","0x713a7469746c653a6274635f313735353437353533382c6465736372697074696f6e3a6274635f313735353437353533382c70313a302c70323a312c696e697469616c697a65723a63633939303937646433376134393632393631663032323137386431313161653531363264336537","Settled","0x884c9cd1657a317967efc86336e0068473467ad8","0x838ba6c40a5c3f0a0e24d60722a4762dcdb84757",,"0x838ba6c40a5c3f0a0e24d60722a4762dcdb84757","0x833589fcd6edb6e08f4c7c32d4f71b54bda02913","500000","0","250000000","0","0"
"YES_OR_NO_QUERY-1755475805-0x713a7469746c653a6574685f313735353437353830312c6465736372697074696f6e3a6574685f313735353437353830312c70313a302c70323a312c696e697469616c697a65723a63633939303937646433376134393632393631663032323137386431313161653531363264336537","1755475805","YES_OR_NO_QUERY","0x713a7469746c653a6574685f313735353437353830312c6465736372697074696f6e3a6574685f313735353437353830312c70313a302c70323a312c696e697469616c697a65723a63633939303937646433376134393632393631663032323137386431313161653531363264336537","Settled","0x884c9cd1657a317967efc86336e0068473467ad8","0x838ba6c40a5c3f0a0e24d60722a4762dcdb84757",,"0x838ba6c40a5c3f0a0e24d60722a4762dcdb84757","0x833589fcd6edb6e08f4c7c32d4f71b54bda02913","500000","0","250000000","0","0"
"YES_OR_NO_QUERY-1755559977-0x713a7469746c653a6574685f313735353535393937332c6465736372697074696f6e3a6574685f313735353535393937332c70313a302c70323a312c696e697469616c697a65723a63633939303937646433376134393632393631663032323137386431313161653531363264336537","1755559977","YES_OR_NO_QUERY","0x713a7469746c653a6574685f313735353535393937332c6465736372697074696f6e3a6574685f313735353535393937332c70313a302c70323a312c696e697469616c697a65723a63633939303937646433376134393632393631663032323137386431313161653531363264336537","Settled","0x884c9cd1657a317967efc86336e0068473467ad8","0x838ba6c40a5c3f0a0e24d60722a4762dcdb84757",,"0x838ba6c40a5c3f0a0e24d60722a4762dcdb84757","0x833589fcd6edb6e08f4c7c32d4f71b54bda02913","500000","0","250000000","0","0"
"YES_OR_NO_QUERY-1755560009-0x713a7469746c653a6274635f313735353536303030342c6465736372697074696f6e3a6274635f313735353536303030342c70313a302c70323a312c696e697469616c697a65723a63633939303937646433376134393632393631663032323137386431313161653531363264336537","1755560009","YES_OR_NO_QUERY","0x713a7469746c653a6274635f313735353536303030342c6465736372697074696f6e3a6274635f313735353536303030342c70313a302c70323a312c696e697469616c697a65723a63633939303937646433376134393632393631663032323137386431313161653531363264336537","Settled","0x884c9cd1657a317967efc86336e0068473467ad8","0x838ba6c40a5c3f0a0e24d60722a4762dcdb84757",,"0x838ba6c40a5c3f0a0e24d60722a4762dcdb84757","0x833589fcd6edb6e08f4c7c32d4f71b54bda02913","500000","0","250000000","0","0"
"YES_OR_NO_QUERY-1755647013-0x713a7469746c653a6274635f313735353634373031302c6465736372697074696f6e3a6274635f313735353634373031302c70313a302c70323a312c696e697469616c697a65723a63633939303937646433376134393632393631663032323137386431313161653531363264336537","1755647013","YES_OR_NO_QUERY","0x713a7469746c653a6274635f313735353634373031302c6465736372697074696f6e3a6274635f313735353634373031302c70313a302c70323a312c696e697469616c697a65723a63633939303937646433376134393632393631663032323137386431313161653531363264336537","Requested","0x884c9cd1657a317967efc86336e0068473467ad8",,,,"0x833589fcd6edb6e08f4c7c32d4f71b54bda02913","500000","0","250000000",,
"YES_OR_NO_QUERY-1755647051-0x713a7469746c653a6574685f313735353634373034382c6465736372697074696f6e3a6574685f313735353634373034382c70313a302c70323a312c696e697469616c697a65723a63633939303937646433376134393632393631663032323137386431313161653531363264336537","1755647051","YES_OR_NO_QUERY","0x713a7469746c653a6574685f313735353634373034382c6465736372697074696f6e3a6574685f313735353634373034382c70313a302c70323a312c696e697469616c697a65723a63633939303937646433376134393632393631663032323137386431313161653531363264336537","Requested","0x884c9cd1657a317967efc86336e0068473467ad8",,,,"0x833589fcd6edb6e08f4c7c32d4f71b54bda02913","500000","0","250000000",,
"YES_OR_NO_QUERY-1755736877-0x713a7469746c653a6274635f313735353733363837332c6465736372697074696f6e3a6274635f313735353733363837332c70313a302c70323a312c696e697469616c697a65723a63633939303937646433376134393632393631663032323137386431313161653531363264336537","1755736877","YES_OR_NO_QUERY","0x713a7469746c653a6274635f313735353733363837332c6465736372697074696f6e3a6274635f313735353733363837332c70313a302c70323a312c696e697469616c697a65723a63633939303937646433376134393632393631663032323137386431313161653531363264336537","Settled","0x884c9cd1657a317967efc86336e0068473467ad8","0x838ba6c40a5c3f0a0e24d60722a4762dcdb84757",,"0x838ba6c40a5c3f0a0e24d60722a4762dcdb84757","0x833589fcd6edb6e08f4c7c32d4f71b54bda02913","500000","0","250000000","0","0"
"YES_OR_NO_QUERY-1755736901-0x713a7469746c653a6574685f313735353733363839372c6465736372697074696f6e3a6574685f313735353733363839372c70313a302c70323a312c696e697469616c697a65723a63633939303937646433376134393632393631663032323137386431313161653531363264336537","1755736901","YES_OR_NO_QUERY","0x713a7469746c653a6574685f313735353733363839372c6465736372697074696f6e3a6574685f313735353733363839372c70313a302c70323a312c696e697469616c697a65723a63633939303937646433376134393632393631663032323137386431313161653531363264336537","Settled","0x884c9cd1657a317967efc86336e0068473467ad8","0x838ba6c40a5c3f0a0e24d60722a4762dcdb84757",,"0x838ba6c40a5c3f0a0e24d60722a4762dcdb84757","0x833589fcd6edb6e08f4c7c32d4f71b54bda02913","500000","0","250000000","0","0"
"YES_OR_NO_QUERY-1755821533-0x713a7469746c653a6274635f313735353832313533302c6465736372697074696f6e3a6274635f313735353832313533302c70313a302c70323a312c696e697469616c697a65723a63633939303937646433376134393632393631663032323137386431313161653531363264336537","1755821533","YES_OR_NO_QUERY","0x713a7469746c653a6274635f313735353832313533302c6465736372697074696f6e3a6274635f313735353832313533302c70313a302c70323a312c696e697469616c697a65723a63633939303937646433376134393632393631663032323137386431313161653531363264336537","Settled","0x884c9cd1657a317967efc86336e0068473467ad8","0x838ba6c40a5c3f0a0e24d60722a4762dcdb84757",,"0x838ba6c40a5c3f0a0e24d60722a4762dcdb84757","0x833589fcd6edb6e08f4c7c32d4f71b54bda02913","500000","0","250000000","1000000000000000000","1000000000000000000"
"YES_OR_NO_QUERY-1755821607-0x713a7469746c653a6574685f313735353832313630332c6465736372697074696f6e3a6574685f313735353832313630332c70313a302c70323a312c696e697469616c697a65723a63633939303937646433376134393632393631663032323137386431313161653531363264336537","1755821607","YES_OR_NO_QUERY","0x713a7469746c653a6574685f313735353832313630332c6465736372697074696f6e3a6574685f313735353832313630332c70313a302c70323a312c696e697469616c697a65723a63633939303937646433376134393632393631663032323137386431313161653531363264336537","Settled","0x884c9cd1657a317967efc86336e0068473467ad8","0x838ba6c40a5c3f0a0e24d60722a4762dcdb84757",,"0x838ba6c40a5c3f0a0e24d60722a4762dcdb84757","0x833589fcd6edb6e08f4c7c32d4f71b54bda02913","500000","0","250000000","1000000000000000000","1000000000000000000"
"YES_OR_NO_QUERY-1756076171-0x713a7469746c653a6574685f313735363037363136372c6465736372697074696f6e3a6574685f313735363037363136372c70313a302c70323a312c696e697469616c697a65723a63633939303937646433376134393632393631663032323137386431313161653531363264336537","1756076171","YES_OR_NO_QUERY","0x713a7469746c653a6574685f313735363037363136372c6465736372697074696f6e3a6574685f313735363037363136372c70313a302c70323a312c696e697469616c697a65723a63633939303937646433376134393632393631663032323137386431313161653531363264336537","Settled","0x884c9cd1657a317967efc86336e0068473467ad8","0x838ba6c40a5c3f0a0e24d60722a4762dcdb84757",,"0x838ba6c40a5c3f0a0e24d60722a4762dcdb84757","0x833589fcd6edb6e08f4c7c32d4f71b54bda02913","500000","0","250000000","0","0"
"YES_OR_NO_QUERY-1756076199-0x713a7469746c653a6274635f313735363037363139362c6465736372697074696f6e3a6274635f313735363037363139362c70313a302c70323a312c696e697469616c697a65723a63633939303937646433376134393632393631663032323137386431313161653531363264336537","1756076199","YES_OR_NO_QUERY","0x713a7469746c653a6274635f313735363037363139362c6465736372697074696f6e3a6274635f313735363037363139362c70313a302c70323a312c696e697469616c697a65723a63633939303937646433376134393632393631663032323137386431313161653531363264336537","Settled","0x884c9cd1657a317967efc86336e0068473467ad8","0x838ba6c40a5c3f0a0e24d60722a4762dcdb84757",,"0x838ba6c40a5c3f0a0e24d60722a4762dcdb84757","0x833589fcd6edb6e08f4c7c32d4f71b54bda02913","500000","0","250000000","0","0"
"YES_OR_NO_QUERY-1756164945-0x713a7469746c653a6274635f313735363136343934312c6465736372697074696f6e3a6274635f313735363136343934312c70313a302c70323a312c696e697469616c697a65723a63633939303937646433376134393632393631663032323137386431313161653531363264336537","1756164945","YES_OR_NO_QUERY","0x713a7469746c653a6274635f313735363136343934312c6465736372697074696f6e3a6274635f313735363136343934312c70313a302c70323a312c696e697469616c697a65723a63633939303937646433376134393632393631663032323137386431313161653531363264336537","Settled","0x884c9cd1657a317967efc86336e0068473467ad8","0x838ba6c40a5c3f0a0e24d60722a4762dcdb84757",,"0x838ba6c40a5c3f0a0e24d60722a4762dcdb84757","0x833589fcd6edb6e08f4c7c32d4f71b54bda02913","500000","0","250000000","0","0"
"YES_OR_NO_QUERY-1756165057-0x713a7469746c653a6574685f313735363136353035332c6465736372697074696f6e3a6574685f313735363136353035332c70313a302c70323a312c696e697469616c697a65723a63633939303937646433376134393632393631663032323137386431313161653531363264336537","1756165057","YES_OR_NO_QUERY","0x713a7469746c653a6574685f313735363136353035332c6465736372697074696f6e3a6574685f313735363136353035332c70313a302c70323a312c696e697469616c697a65723a63633939303937646433376134393632393631663032323137386431313161653531363264336537","Settled","0x884c9cd1657a317967efc86336e0068473467ad8","0x838ba6c40a5c3f0a0e24d60722a4762dcdb84757",,"0x838ba6c40a5c3f0a0e24d60722a4762dcdb84757","0x833589fcd6edb6e08f4c7c32d4f71b54bda02913","500000","0","250000000","0","0"
"YES_OR_NO_QUERY-1756337139-0x713a7469746c653a6574685f313735363333373133352c6465736372697074696f6e3a6574685f313735363333373133352c70313a302c70323a312c696e697469616c697a65723a63633939303937646433376134393632393631663032323137386431313161653531363264336537","1756337139","YES_OR_NO_QUERY","0x713a7469746c653a6574685f313735363333373133352c6465736372697074696f6e3a6574685f313735363333373133352c70313a302c70323a312c696e697469616c697a65723a63633939303937646433376134393632393631663032323137386431313161653531363264336537","Settled","0x884c9cd1657a317967efc86336e0068473467ad8","0x838ba6c40a5c3f0a0e24d60722a4762dcdb84757",,"0x838ba6c40a5c3f0a0e24d60722a4762dcdb84757","0x833589fcd6edb6e08f4c7c32d4f71b54bda02913","500000","0","250000000","0","0"
"YES_OR_NO_QUERY-1756340831-0x713a7469746c653a6274635f313735363334303832382c6465736372697074696f6e3a6274635f313735363334303832382c70313a302c70323a312c696e697469616c697a65723a63633939303937646433376134393632393631663032323137386431313161653531363264336537","1756340831","YES_OR_NO_QUERY","0x713a7469746c653a6274635f313735363334303832382c6465736372697074696f6e3a6274635f313735363334303832382c70313a302c70323a312c696e697469616c697a65723a63633939303937646433376134393632393631663032323137386431313161653531363264336537","Settled","0x884c9cd1657a317967efc86336e0068473467ad8","0x838ba6c40a5c3f0a0e24d60722a4762dcdb84757",,"0x838ba6c40a5c3f0a0e24d60722a4762dcdb84757","0x833589fcd6edb6e08f4c7c32d4f71b54bda02913","500000","0","250000000","1000000000000000000","1000000000000000000"
